{"products":[{"id":"0.923348610387728","qty":3}],"totalPrice":265.46999999999997}